name,value,date
C,20.24,2001_05_30
C,20.77,2001_06_30
C,20.75,2001_07_30
C,20.77,2001_08_28
C,19.75,2001_09_26
C,19.21,2001_10_28
C,20.14,2001_11_31
C,18.83,2002_00_30
C,19.89,2002_01_27
C,19.85,2002_02_29
C,19.82,2002_03_29
C,19.99,2002_04_29
C,19.57,2002_05_29
C,19.25,2002_06_31
C,18.16,2002_07_29
C,18.70,2002_08_29
C,18.73,2002_09_30
C,17.50,2002_10_29
C,17.26,2002_11_31
C,18.25,2003_00_31
C,18.54,2003_01_28
C,17.21,2003_02_31
C,18.02,2003_03_30
C,18.50,2003_04_30
C,18.52,2003_05_30
C,17.97,2003_06_31
C,17.78,2003_07_31
C,18.31,2003_08_30
C,17.00,2003_09_31
C,18.47,2003_10_30
C,18.60,2003_11_31
C,18.20,2004_00_31
C,18.93,2004_01_29
C,17.75,2004_02_31
C,17.95,2004_03_30
C,18.29,2004_04_30
C,17.14,2004_05_30
C,16.33,2004_06_31
C,17.12,2004_07_30
C,18.17,2004_08_30
C,17.99,2004_09_31
C,19.70,2004_10_30
C,20.71,2004_11_31
C,19.82,2005_00_31
C,19.47,2005_01_28
C,18.63,2005_02_31
C,18.52,2005_03_30
C,19.37,2005_04_31
C,19.85,2005_05_30
C,19.47,2005_06_31
C,19.16,2005_07_31
C,18.77,2005_08_30
C,19.63,2005_11_03
C,19.01,2006_00_04
C,18.33,2006_01_02
C,17.79,2006_02_01
C,17.69,2006_03_02
C,17.69,2006_04_01
C,18.25,2006_05_01
C,17.83,2006_06_02
C,17.43,2006_07_02
C,18.06,2006_08_02
C,17.66,2006_09_01
C,17.20,2006_10_02
C,16.62,2006_11_01
C,15.81,2007_00_02
C,16.10,2007_01_03
C,15.63,2007_02_03
C,14.94,2007_03_01
C,15.15,2007_04_05
C,15.97,2007_05_02
C,16.36,2007_06_02
C,15.70,2007_07_05
C,14.91,2007_08_02
C,14.59,2007_09_04
C,13.97,2007_10_04
C,13.17,2007_11_03
C,13.92,2008_00_03
C,14.86,2008_01_07
C,15.51,2008_05_01
C,15.95,2008_06_02
C,16.18,2008_07_03
C,15.38,2008_08_03
C,15.57,2008_09_06
C,15.28,2008_10_02
C,15.02,2008_11_03
C,15.93,2009_00_02
C,15.84,2009_01_01
C,15.86,2009_02_05
C,15.47,2009_03_07
C,16.13,2009_04_01
C,16.78,2009_05_04
C,17.32,2009_06_02
C,17.22,2009_07_01
C,16.86,2009_08_05
C,16.84,2009_09_02
C,17.32,2009_10_02
C,16.28,2009_11_02
C,16.22,2010_00_05
C,16.60,2010_01_07
C,17.28,2010_02_07
C,18.06,2010_03_05
C,18.19,2010_04_15
C,18.48,2010_06_06
C,17.87,2010_06_30
C,17.15,2010_08_11
C,17.18,2010_09_02
C,16.72,2010_10_03
C,16.08,2010_11_07
C,15.82,2011_00_02
C,14.99,2011_01_08
C,15.26,2011_02_08
C,16.16,2011_03_03
C,16.17,2011_04_02
C,16.28,2011_05_05
C,16.28,2011_05_27
C,17.28,2011_06_08
C,17.39,2011_07_03
C,18.00,2011_08_10
C,17.71,2011_09_09
C,17.32,2011_10_07
C,17.06,2011_11_04
C,16.97,2012_00_08
C,16.52,2012_01_05
C,17.09,2012_02_11
C,17.55,2012_03_08
C,17.35,2012_04_09
C,17.72,2012_05_10
C,18.33,2012_06_04
C,18.94,2012_07_10
C,19.30,2012_08_02
C,19.82,2012_09_05
C,19.22,2012_10_04
C,18.70,2012_11_02
C,17.85,2013_00_05
C,17.08,2013_01_08
C,17.14,2013_02_11
C,17.86,2013_03_07
C,18.73,2013_04_08
C,17.81,2013_05_09
C,17.63,2013_06_07
C,17.63,2013_06_12
C,15.97,2013_07_04
C,16.98,2013_08_11
C,17.25,2013_09_10
C,18.16,2013_10_09
C,17.89,2013_11_06
C,17.94,2014_00_01
C,18.33,2014_01_08
C,17.53,2014_02_03
C,17.63,2014_03_10
C,16.93,2014_04_07
C,16.19,2014_05_08
C,17.14,2014_06_06
C,16.40,2014_07_11
C,16.72,2014_08_01
C,17.66,2014_09_03
C,17.47,2014_10_08
C,17.59,2014_11_07
C,16.70,2015_00_06
C,16.49,2015_01_05
C,16.64,2015_02_07
C,15.75,2015_03_13
C,16.85,2015_04_13
C,16.79,2015_05_06
C,16.15,2015_06_12
C,14.73,2015_07_06
C,15.62,2015_08_05
C,16.19,2015_09_04
C,17.15,2015_10_07
C,16.46,2015_11_04
C,16.04,2016_00_02
C,15.59,2016_01_02
C,14.60,2016_02_03
C,13.91,2016_03_07
C,13.22,2016_04_06
C,12.38,2016_05_05
C,12.24,2016_06_04
C,11.30,2016_07_06
C,10.95,2016_08_08
C,9.84,2016_09_07
C,9.20,2016_10_05
C,8.73,2016_11_04
C,9.35,2017_00_07
C,8.44,2017_01_08
C,7.74,2017_02_07
C,6.97,2017_03_09
C,7.00,2017_04_06
C,6.85,2017_05_03
C,7.32,2017_06_07
C,6.48,2017_07_02
C,7.38,2017_08_06
C,8.37,2017_09_05
C,9.29,2017_10_12
C,10.16,2017_11_09
C,11.04,2018_00_03
C,11.86,2018_01_08
C,12.76,2018_02_07
C,13.59,2018_03_01
C,14.00,2018_04_06
C,14.94,2018_05_10
C,14.66,2018_06_07
C,14.97,2018_07_01
C,15.45,2018_08_03
C,15.38,2018_09_05
C,14.40,2018_10_08
C,14.28,2018_11_02
C,13.34,2019_00_04
C,12.42,2019_01_06
C,13.31,2019_02_02
C,14.08,2019_03_07
C,14.24,2019_04_04
C,13.30,2019_05_09
C,14.21,2019_06_06
C,15.15,2019_07_05
C,15.21,2019_08_09
C,16.18,2019_09_05
C,16.04,2019_10_03
C,16.09,2019_11_06
C,15.77,2020_00_05
C,16.77,2020_01_04
C,16.33,2020_02_04
C,16.72,2020_03_02
C,17.07,2020_04_02
C,17.19,2020_05_01
C,16.45,2020_06_04
C,16.98,2020_07_02
C,15.95,2020_08_06
C,16.95,2020_09_04
Java,26.49,2001_05_30
Java,25.03,2001_06_30
Java,24.66,2001_07_30
Java,24.82,2001_08_28
Java,25.68,2001_09_26
Java,24.37,2001_10_28
Java,24.20,2001_11_31
Java,24.06,2002_00_30
Java,24.01,2002_01_27
Java,24.41,2002_02_29
Java,25.05,2002_03_29
Java,25.19,2002_04_29
Java,24.20,2002_05_29
Java,24.53,2002_06_31
Java,22.89,2002_07_29
Java,24.48,2002_08_29
Java,24.20,2002_09_30
Java,24.12,2002_10_29
Java,24.23,2002_11_31
Java,24.79,2003_00_31
Java,24.78,2003_01_28
Java,24.60,2003_02_31
Java,24.66,2003_03_30
Java,23.11,2003_04_30
Java,22.34,2003_05_30
Java,23.21,2003_06_31
Java,22.24,2003_07_31
Java,21.90,2003_08_30
Java,23.08,2003_09_31
Java,25.01,2003_10_30
Java,23.57,2003_11_31
Java,22.56,2004_00_31
Java,23.17,2004_01_29
Java,24.24,2004_02_31
Java,18.69,2004_03_30
Java,17.54,2004_04_30
Java,17.05,2004_05_30
Java,17.00,2004_06_31
Java,15.90,2004_07_30
Java,17.05,2004_08_30
Java,14.80,2004_09_31
Java,16.33,2004_10_30
Java,17.48,2004_11_31
Java,18.34,2005_00_31
Java,18.87,2005_01_28
Java,16.98,2005_02_31
Java,17.40,2005_03_30
Java,18.57,2005_04_31
Java,19.66,2005_05_30
Java,21.21,2005_06_31
Java,22.44,2005_07_31
Java,21.87,2005_08_30
Java,22.13,2005_11_03
Java,22.25,2006_00_04
Java,22.43,2006_01_02
Java,21.89,2006_02_01
Java,21.28,2006_03_02
Java,21.32,2006_04_01
Java,21.13,2006_05_01
Java,21.85,2006_06_02
Java,22.38,2006_07_02
Java,21.53,2006_08_02
Java,21.17,2006_09_01
Java,20.40,2006_10_02
Java,19.91,2006_11_01
Java,19.16,2007_00_02
Java,18.98,2007_01_03
Java,18.04,2007_02_03
Java,18.36,2007_03_01
Java,19.14,2007_04_05
Java,20.03,2007_05_02
Java,21.01,2007_06_02
Java,21.77,2007_07_05
Java,21.70,2007_08_02
Java,21.62,2007_09_04
Java,20.54,2007_10_04
Java,20.05,2007_11_03
Java,20.85,2008_00_03
Java,21.48,2008_01_07
Java,20.89,2008_05_01
Java,21.34,2008_06_02
Java,21.57,2008_07_03
Java,20.71,2008_08_03
Java,20.95,2008_09_06
Java,20.30,2008_10_02
Java,17.92,2008_11_03
Java,19.02,2009_00_02
Java,19.40,2009_01_01
Java,19.80,2009_02_05
Java,19.34,2009_03_07
Java,19.54,2009_04_01
Java,20.15,2009_05_04
Java,20.45,2009_06_02
Java,19.53,2009_07_01
Java,19.38,2009_08_05
Java,18.65,2009_09_02
Java,18.37,2009_10_02
Java,17.06,2009_11_02
Java,17.48,2010_00_05
Java,17.35,2010_01_07
Java,17.51,2010_02_07
Java,18.05,2010_03_05
Java,17.96,2010_04_15
Java,18.67,2010_06_06
Java,17.99,2010_06_30
Java,17.92,2010_08_11
Java,18.17,2010_09_02
Java,18.51,2010_10_03
Java,18.00,2010_11_07
Java,17.77,2011_00_02
Java,18.48,2011_01_08
Java,19.71,2011_02_08
Java,19.04,2011_03_03
Java,18.16,2011_04_02
Java,18.58,2011_05_05
Java,18.58,2011_05_27
Java,19.25,2011_06_08
Java,19.41,2011_07_03
Java,18.76,2011_08_10
Java,17.91,2011_09_09
Java,17.87,2011_10_07
Java,17.56,2011_11_04
Java,17.47,2012_00_08
Java,17.05,2012_01_05
Java,17.11,2012_02_11
Java,17.03,2012_03_08
Java,16.60,2012_04_09
Java,16.26,2012_05_10
Java,16.09,2012_06_04
Java,16.35,2012_07_10
Java,16.27,2012_08_02
Java,17.19,2012_09_05
Java,17.46,2012_10_04
Java,17.57,2012_11_02
Java,17.42,2013_00_05
Java,18.39,2013_01_08
Java,18.16,2013_02_11
Java,17.68,2013_03_07
Java,16.91,2013_04_08
Java,16.66,2013_05_09
Java,15.91,2013_06_07
Java,15.91,2013_06_12
Java,15.98,2013_07_04
Java,16.15,2013_08_11
Java,16.11,2013_09_10
Java,16.52,2013_10_09
Java,17.31,2013_11_06
Java,16.52,2014_00_01
Java,17.32,2014_01_08
Java,16.41,2014_02_03
Java,17.35,2014_03_10
Java,16.91,2014_04_07
Java,16.11,2014_05_08
Java,15.69,2014_06_06
Java,14.98,2014_07_11
Java,14.14,2014_08_01
Java,13.51,2014_09_03
Java,14.39,2014_10_08
Java,14.96,2014_11_07
Java,15.53,2015_00_06
Java,15.34,2015_01_05
Java,15.58,2015_02_07
Java,16.04,2015_03_13
Java,16.87,2015_04_13
Java,17.82,2015_05_06
Java,17.73,2015_06_12
Java,19.27,2015_07_06
Java,19.56,2015_08_05
Java,19.54,2015_09_04
Java,20.40,2015_10_07
Java,20.97,2015_11_04
Java,21.47,2016_00_02
Java,21.14,2016_01_02
Java,20.53,2016_02_03
Java,20.85,2016_03_07
Java,20.96,2016_04_06
Java,20.79,2016_05_05
Java,19.80,2016_06_04
Java,19.01,2016_07_06
Java,18.24,2016_08_08
Java,18.80,2016_09_07
Java,18.75,2016_10_05
Java,17.86,2016_11_04
Java,17.28,2017_00_07
Java,16.68,2017_01_08
Java,16.38,2017_02_07
Java,15.57,2017_03_09
Java,14.64,2017_04_06
Java,14.49,2017_05_03
Java,13.77,2017_06_07
Java,12.96,2017_07_02
Java,12.69,2017_08_06
Java,12.43,2017_09_05
Java,13.23,2017_10_12
Java,13.27,2017_11_09
Java,14.22,2018_00_03
Java,14.99,2018_01_08
Java,14.94,2018_02_07
Java,15.78,2018_03_01
Java,16.38,2018_04_06
Java,15.37,2018_05_10
Java,16.14,2018_06_07
Java,16.88,2018_07_01
Java,17.44,2018_08_03
Java,17.80,2018_09_05
Java,16.75,2018_10_08
Java,15.93,2018_11_02
Java,16.90,2019_00_04
Java,15.88,2019_01_06
Java,14.88,2019_02_02
Java,15.04,2019_03_07
Java,16.00,2019_04_04
Java,15.00,2019_05_09
Java,15.06,2019_06_06
Java,16.03,2019_07_05
Java,16.66,2019_08_09
Java,16.88,2019_09_05
Java,16.25,2019_10_03
Java,17.25,2019_11_06
Java,16.90,2020_00_05
Java,17.36,2020_01_04
Java,17.78,2020_02_04
Java,16.73,2020_03_02
Java,16.28,2020_04_02
Java,16.10,2020_05_01
Java,15.10,2020_06_04
Java,14.43,2020_07_02
Java,13.48,2020_08_06
Java,12.56,2020_09_04
Python,1.25,2001_05_30
Python,1.13,2001_06_30
Python,1.20,2001_07_30
Python,1.17,2001_08_28
Python,1.28,2001_09_26
Python,1.23,2001_10_28
Python,1.04,2001_11_31
Python,1.02,2002_00_30
Python,0.99,2002_01_27
Python,0.99,2002_02_29
Python,1.07,2002_03_29
Python,1.06,2002_04_29
Python,1.13,2002_05_29
Python,1.08,2002_06_31
Python,1.22,2002_07_29
Python,1.08,2002_08_29
Python,1.19,2002_09_30
Python,1.00,2002_10_29
Python,1.00,2002_11_31
Python,1.03,2003_00_31
Python,0.97,2003_01_28
Python,0.99,2003_02_31
Python,1.01,2003_03_30
Python,1.16,2003_04_30
Python,1.28,2003_05_30
Python,1.30,2003_06_31
Python,1.42,2003_07_31
Python,1.49,2003_08_30
Python,1.77,2003_09_31
Python,1.10,2003_10_30
Python,1.13,2003_11_31
Python,1.01,2004_00_31
Python,1.02,2004_01_29
Python,1.01,2004_02_31
Python,4.57,2004_03_30
Python,6.58,2004_04_30
Python,4.96,2004_05_30
Python,4.70,2004_06_31
Python,5.60,2004_07_30
Python,4.44,2004_08_30
Python,5.20,2004_09_31
Python,3.03,2004_10_30
Python,2.84,2004_11_31
Python,2.51,2005_00_31
Python,2.42,2005_01_28
Python,2.70,2005_02_31
Python,2.48,2005_03_30
Python,2.80,2005_04_31
Python,2.52,2005_05_30
Python,2.88,2005_06_31
Python,3.03,2005_07_31
Python,2.88,2005_08_30
Python,2.68,2005_11_03
Python,2.60,2006_00_04
Python,2.67,2006_01_02
Python,3.09,2006_02_01
Python,2.76,2006_03_02
Python,3.04,2006_04_01
Python,3.46,2006_05_01
Python,3.02,2006_06_02
Python,3.07,2006_07_02
Python,3.14,2006_08_02
Python,3.47,2006_09_01
Python,3.64,2006_10_02
Python,3.76,2006_11_01
Python,3.50,2007_00_02
Python,3.57,2007_01_03
Python,3.90,2007_02_03
Python,3.81,2007_03_01
Python,3.78,2007_04_05
Python,3.16,2007_05_02
Python,3.02,2007_06_02
Python,2.75,2007_07_05
Python,3.03,2007_08_02
Python,3.43,2007_09_04
Python,4.23,2007_10_04
Python,4.70,2007_11_03
Python,5.54,2008_00_03
Python,4.76,2008_01_07
Python,4.90,2008_05_01
Python,4.97,2008_06_02
Python,4.98,2008_07_03
Python,5.01,2008_08_03
Python,4.56,2008_09_06
Python,5.14,2008_10_02
Python,4.17,2008_11_03
Python,4.73,2009_00_02
Python,4.57,2009_01_01
Python,5.18,2009_02_05
Python,6.08,2009_03_07
Python,5.55,2009_04_01
Python,4.76,2009_05_04
Python,4.43,2009_06_02
Python,4.49,2009_07_01
Python,3.93,2009_08_05
Python,3.90,2009_09_02
Python,4.67,2009_10_02
Python,5.19,2009_11_02
Python,4.45,2010_00_05
Python,4.31,2010_01_07
Python,4.23,2010_02_07
Python,4.21,2010_03_05
Python,4.10,2010_04_15
Python,4.22,2010_06_06
Python,4.22,2010_06_30
Python,4.58,2010_08_11
Python,4.86,2010_09_02
Python,5.68,2010_10_03
Python,6.48,2010_11_07
Python,6.26,2011_00_02
Python,7.04,2011_01_08
Python,5.74,2011_02_08
Python,4.93,2011_03_03
Python,4.58,2011_04_02
Python,3.90,2011_05_05
Python,3.90,2011_05_27
Python,3.58,2011_06_08
Python,3.41,2011_07_03
Python,4.00,2011_08_10
Python,3.94,2011_09_09
Python,3.62,2011_10_07
Python,3.49,2011_11_04
Python,3.21,2012_00_08
Python,3.15,2012_01_05
Python,3.29,2012_02_11
Python,3.66,2012_03_08
Python,3.82,2012_04_09
Python,3.85,2012_05_10
Python,4.00,2012_06_04
Python,3.88,2012_07_10
Python,3.86,2012_08_02
Python,3.90,2012_09_05
Python,4.06,2012_10_04
Python,3.85,2012_11_02
Python,4.17,2013_00_05
Python,4.95,2013_01_08
Python,4.39,2013_02_11
Python,4.44,2013_03_07
Python,4.32,2013_04_08
Python,4.18,2013_05_09
Python,4.03,2013_06_07
Python,4.03,2013_06_12
Python,3.60,2013_07_04
Python,3.17,2013_08_11
Python,3.11,2013_09_10
Python,3.11,2013_10_09
Python,2.21,2013_11_06
Python,2.37,2014_00_01
Python,2.16,2014_01_08
Python,2.02,2014_02_03
Python,1.99,2014_03_10
Python,3.06,2014_04_07
Python,2.71,2014_05_08
Python,2.66,2014_06_06
Python,3.12,2014_07_11
Python,2.78,2014_08_01
Python,2.33,2014_09_03
Python,2.59,2014_10_08
Python,2.29,2014_11_07
Python,2.61,2015_00_06
Python,2.88,2015_01_05
Python,2.61,2015_02_07
Python,2.69,2015_03_13
Python,3.72,2015_04_13
Python,4.00,2015_05_06
Python,4.26,2015_06_12
Python,4.07,2015_07_06
Python,3.66,2015_08_05
Python,4.51,2015_09_04
Python,3.77,2015_10_07
Python,4.43,2015_11_04
Python,3.85,2016_00_02
Python,4.18,2016_01_02
Python,4.26,2016_02_03
Python,3.33,2016_03_07
Python,3.79,2016_04_06
Python,3.90,2016_05_05
Python,4.17,2016_06_04
Python,4.40,2016_07_06
Python,4.30,2016_08_08
Python,3.77,2016_09_07
Python,3.57,2016_10_05
Python,4.24,2016_11_04
Python,3.46,2017_00_07
Python,4.04,2017_01_08
Python,3.92,2017_02_07
Python,3.46,2017_03_09
Python,3.55,2017_04_06
Python,4.33,2017_05_03
Python,3.54,2017_06_07
Python,3.69,2017_07_02
Python,2.98,2017_08_06
Python,3.80,2017_09_05
Python,4.48,2017_10_12
Python,3.78,2017_11_09
Python,4.68,2018_00_03
Python,5.17,2018_01_08
Python,5.87,2018_02_07
Python,5.80,2018_03_01
Python,5.19,2018_04_06
Python,5.76,2018_05_10
Python,6.36,2018_06_07
Python,6.99,2018_07_01
Python,7.65,2018_08_03
Python,7.16,2018_09_05
Python,7.68,2018_10_08
Python,8.38,2018_11_02
Python,8.29,2019_00_04
Python,7.57,2019_01_06
Python,8.26,2019_02_02
Python,8.17,2019_03_07
Python,7.83,2019_04_04
Python,8.53,2019_05_09
Python,9.26,2019_06_06
Python,10.02,2019_07_05
Python,9.87,2019_08_09
Python,9.09,2019_09_05
Python,9.84,2019_10_03
Python,10.31,2019_11_06
Python,9.70,2020_00_05
Python,9.35,2020_01_04
Python,10.11,2020_02_04
Python,9.31,2020_03_02
Python,9.12,2020_04_02
Python,8.36,2020_05_01
Python,9.09,2020_06_04
Python,9.69,2020_07_02
Python,10.47,2020_08_06
Python,11.28,2020_09_04
C++,14.20,2001_05_30
C++,16.11,2001_06_30
C++,16.12,2001_07_30
C++,15.85,2001_08_28
C++,16.10,2001_09_26
C++,15.67,2001_10_28
C++,14.96,2001_11_31
C++,15.18,2002_00_30
C++,15.54,2002_01_27
C++,15.91,2002_02_29
C++,15.37,2002_03_29
C++,14.86,2002_04_29
C++,14.18,2002_05_29
C++,14.94,2002_06_31
C++,14.77,2002_07_29
C++,15.90,2002_08_29
C++,15.03,2002_09_30
C++,13.64,2002_10_29
C++,13.19,2002_11_31
C++,14.63,2003_00_31
C++,15.53,2003_01_28
C++,14.57,2003_02_31
C++,15.80,2003_03_30
C++,15.58,2003_04_30
C++,16.72,2003_05_30
C++,16.58,2003_06_31
C++,17.53,2003_07_31
C++,16.17,2003_08_30
C++,16.31,2003_09_31
C++,17.42,2003_10_30
C++,16.08,2003_11_31
C++,15.71,2004_00_31
C++,14.50,2004_01_29
C++,15.99,2004_02_31
C++,12.27,2004_03_30
C++,12.55,2004_04_30
C++,13.44,2004_05_30
C++,15.31,2004_06_31
C++,14.92,2004_07_30
C++,15.02,2004_08_30
C++,13.86,2004_09_31
C++,11.91,2004_10_30
C++,11.93,2004_11_31
C++,11.34,2005_00_31
C++,11.63,2005_01_28
C++,10.19,2005_02_31
C++,9.90,2005_03_30
C++,9.72,2005_04_31
C++,11.06,2005_05_30
C++,10.51,2005_06_31
C++,11.17,2005_07_31
C++,11.82,2005_08_30
C++,11.03,2005_11_03
C++,11.46,2006_00_04
C++,11.30,2006_01_02
C++,11.16,2006_02_01
C++,10.90,2006_03_02
C++,10.94,2006_04_01
C++,10.67,2006_05_01
C++,9.78,2006_06_02
C++,10.25,2006_07_02
C++,10.75,2006_08_02
C++,11.06,2006_09_01
C++,11.05,2006_10_02
C++,10.41,2006_11_01
C++,10.42,2007_00_02
C++,10.77,2007_01_03
C++,11.11,2007_02_03
C++,10.72,2007_03_01
C++,10.11,2007_04_05
C++,11.12,2007_05_02
C++,10.50,2007_06_02
C++,10.11,2007_07_05
C++,9.94,2007_08_02
C++,9.58,2007_09_04
C++,8.75,2007_10_04
C++,7.87,2007_11_03
C++,8.73,2008_00_03
C++,9.27,2008_01_07
C++,10.81,2008_05_01
C++,10.69,2008_06_02
C++,10.06,2008_07_03
C++,10.72,2008_08_03
C++,10.95,2008_09_06
C++,10.36,2008_10_02
C++,10.10,2008_11_03
C++,10.12,2009_00_02
C++,9.63,2009_01_01
C++,10.36,2009_02_05
C++,10.74,2009_03_07
C++,11.07,2009_04_01
C++,10.59,2009_05_04
C++,10.42,2009_06_02
C++,10.50,2009_07_01
C++,9.99,2009_08_05
C++,9.88,2009_09_02
C++,10.00,2009_10_02
C++,9.18,2009_11_02
C++,9.71,2010_00_05
C++,9.45,2010_01_07
C++,9.61,2010_02_07
C++,9.71,2010_03_05
C++,10.38,2010_04_15
C++,10.47,2010_06_06
C++,9.66,2010_06_30
C++,9.81,2010_08_11
C++,9.80,2010_09_02
C++,9.50,2010_10_03
C++,9.01,2010_11_07
C++,8.78,2011_00_02
C++,8.19,2011_01_08
C++,8.75,2011_02_08
C++,9.23,2011_03_03
C++,9.15,2011_04_02
C++,9.83,2011_05_05
C++,9.83,2011_05_27
C++,9.02,2011_06_08
C++,8.43,2011_07_03
C++,8.85,2011_08_10
C++,9.07,2011_09_09
C++,8.08,2011_10_07
C++,8.25,2011_11_04
C++,8.05,2012_00_08
C++,7.85,2012_01_05
C++,8.05,2012_02_11
C++,8.90,2012_03_08
C++,9.82,2012_04_09
C++,9.36,2012_05_10
C++,9.12,2012_06_04
C++,9.33,2012_07_10
C++,9.15,2012_08_02
C++,9.26,2012_09_05
C++,9.70,2012_10_04
C++,9.20,2012_11_02
C++,9.14,2013_00_05
C++,8.76,2013_01_08
C++,9.11,2013_02_11
C++,9.71,2013_03_07
C++,9.20,2013_04_08
C++,8.82,2013_05_09
C++,8.75,2013_06_07
C++,8.75,2013_06_12
C++,9.37,2013_07_04
C++,8.66,2013_08_11
C++,8.66,2013_09_10
C++,8.37,2013_10_09
C++,8.27,2013_11_06
C++,7.56,2014_00_01
C++,6.89,2014_01_08
C++,6.31,2014_02_03
C++,6.14,2014_03_10
C++,5.99,2014_04_07
C++,6.43,2014_05_08
C++,5.52,2014_06_06
C++,4.70,2014_07_11
C++,4.67,2014_08_01
C++,4.87,2014_09_03
C++,6.10,2014_10_08
C++,6.10,2014_11_07
C++,6.70,2015_00_06
C++,6.61,2015_01_05
C++,6.64,2015_02_07
C++,6.96,2015_03_13
C++,7.87,2015_04_13
C++,7.76,2015_05_06
C++,8.64,2015_06_12
C++,7.74,2015_07_06
C++,6.78,2015_08_05
C++,5.75,2015_09_04
C++,6.20,2015_10_07
C++,5.94,2015_11_04
C++,6.91,2016_00_02
C++,6.91,2016_01_02
C++,6.72,2016_02_03
C++,5.92,2016_03_07
C++,6.70,2016_04_06
C++,6.20,2016_05_05
C++,6.31,2016_06_04
C++,5.80,2016_07_06
C++,6.66,2016_08_08
C++,5.80,2016_09_07
C++,5.41,2016_10_05
C++,5.34,2016_11_04
C++,6.30,2017_00_07
C++,5.43,2017_01_08
C++,5.18,2017_02_07
C++,4.55,2017_03_09
C++,4.75,2017_04_06
C++,5.72,2017_05_03
C++,5.58,2017_06_07
C++,5.55,2017_07_02
C++,5.56,2017_08_06
C++,5.01,2017_09_05
C++,5.34,2017_10_12
C++,4.72,2017_11_09
C++,5.60,2018_00_03
C++,5.73,2018_01_08
C++,6.45,2018_02_07
C++,7.22,2018_03_01
C++,7.67,2018_04_06
C++,8.34,2018_05_10
C++,7.62,2018_06_07
C++,7.47,2018_07_01
C++,7.39,2018_08_03
C++,7.59,2018_09_05
C++,8.28,2018_10_08
C++,7.56,2018_11_02
C++,8.16,2019_00_04
C++,7.44,2019_01_06
C++,8.13,2019_02_02
C++,8.84,2019_03_07
C++,8.10,2019_04_04
C++,7.38,2019_05_09
C++,6.70,2019_06_06
C++,6.06,2019_07_05
C++,5.64,2019_08_09
C++,6.23,2019_09_05
C++,5.60,2019_10_03
C++,6.20,2019_11_06
C++,5.57,2020_00_05
C++,6.16,2020_01_04
C++,6.79,2020_02_04
C++,6.78,2020_03_02
C++,6.13,2020_04_02
C++,5.95,2020_05_01
C++,6.21,2020_06_04
C++,6.84,2020_07_02
C++,7.11,2020_08_06
C++,6.94,2020_09_04
C#,0.38,2001_05_30
C#,0.43,2001_06_30
C#,0.38,2001_07_30
C#,0.39,2001_08_28
C#,0.42,2001_09_26
C#,0.76,2001_10_28
C#,0.59,2001_11_31
C#,0.62,2002_00_30
C#,0.74,2002_01_27
C#,0.74,2002_02_29
C#,1.18,2002_03_29
C#,1.16,2002_04_29
C#,1.46,2002_05_29
C#,1.36,2002_06_31
C#,1.46,2002_07_29
C#,1.65,2002_08_29
C#,1.78,2002_09_30
C#,2.38,2002_10_29
C#,2.45,2002_11_31
C#,1.99,2003_00_31
C#,1.98,2003_01_28
C#,2.38,2003_02_31
C#,1.88,2003_03_30
C#,1.94,2003_04_30
C#,1.78,2003_05_30
C#,2.00,2003_06_31
C#,2.06,2003_07_31
C#,1.94,2003_08_30
C#,1.90,2003_09_31
C#,1.71,2003_10_30
C#,1.80,2003_11_31
C#,2.18,2004_00_31
C#,2.24,2004_01_29
C#,2.14,2004_02_31
C#,1.88,2004_03_30
C#,1.65,2004_04_30
C#,1.67,2004_05_30
C#,1.63,2004_06_31
C#,1.63,2004_07_30
C#,1.64,2004_08_30
C#,1.50,2004_09_31
C#,1.95,2004_10_30
C#,2.20,2004_11_31
C#,2.36,2005_00_31
C#,2.53,2005_01_28
C#,2.82,2005_02_31
C#,2.77,2005_03_30
C#,2.78,2005_04_31
C#,3.14,2005_05_30
C#,3.48,2005_06_31
C#,3.29,2005_07_31
C#,3.46,2005_08_30
C#,3.31,2005_11_03
C#,3.55,2006_00_04
C#,3.97,2006_01_02
C#,3.15,2006_02_01
C#,3.95,2006_03_02
C#,3.27,2006_04_01
C#,3.24,2006_05_01
C#,3.40,2006_06_02
C#,2.68,2006_07_02
C#,2.99,2006_08_02
C#,3.06,2006_09_01
C#,3.02,2006_10_02
C#,3.17,2006_11_01
C#,3.52,2007_00_02
C#,3.19,2007_01_03
C#,3.37,2007_02_03
C#,3.55,2007_03_01
C#,3.66,2007_04_05
C#,3.48,2007_05_02
C#,3.71,2007_06_02
C#,3.99,2007_07_05
C#,3.58,2007_08_02
C#,3.74,2007_09_04
C#,3.92,2007_10_04
C#,3.99,2007_11_03
C#,4.86,2008_00_03
C#,4.51,2008_01_07
C#,4.06,2008_05_01
C#,4.00,2008_06_02
C#,3.70,2008_07_03
C#,4.33,2008_08_03
C#,3.77,2008_09_06
C#,4.03,2008_10_02
C#,4.58,2008_11_03
C#,5.61,2009_00_02
C#,5.06,2009_01_01
C#,4.32,2009_02_05
C#,4.06,2009_03_07
C#,4.27,2009_04_01
C#,4.54,2009_05_04
C#,4.54,2009_06_02
C#,4.44,2009_07_01
C#,4.19,2009_08_05
C#,4.42,2009_09_02
C#,5.35,2009_10_02
C#,6.26,2009_11_02
C#,5.77,2010_00_05
C#,5.01,2010_01_07
C#,4.26,2010_02_07
C#,4.43,2010_03_05
C#,4.78,2010_04_15
C#,5.73,2010_06_06
C#,4.99,2010_06_30
C#,5.02,2010_08_11
C#,4.96,2010_09_02
C#,5.71,2010_10_03
C#,6.69,2010_11_07
C#,6.23,2011_00_02
C#,6.81,2011_01_08
C#,7.21,2011_02_08
C#,7.19,2011_03_03
C#,7.54,2011_04_02
C#,6.84,2011_05_05
C#,6.84,2011_05_27
C#,6.22,2011_06_08
C#,6.04,2011_07_03
C#,6.82,2011_08_10
C#,6.72,2011_09_09
C#,7.32,2011_10_07
C#,8.21,2011_11_04
C#,8.76,2012_00_08
C#,8.65,2012_01_05
C#,8.24,2012_02_11
C#,7.35,2012_03_08
C#,6.82,2012_04_09
C#,7.03,2012_05_10
C#,6.67,2012_06_04
C#,6.59,2012_07_10
C#,6.60,2012_08_02
C#,6.53,2012_09_05
C#,5.59,2012_10_04
C#,5.55,2012_11_02
C#,6.20,2013_00_05
C#,6.68,2013_01_08
C#,6.60,2013_02_11
C#,6.15,2013_03_07
C#,6.12,2013_04_08
C#,5.78,2013_05_09
C#,6.21,2013_06_07
C#,6.21,2013_06_12
C#,6.12,2013_07_04
C#,5.56,2013_08_11
C#,5.72,2013_09_10
C#,6.02,2013_10_09
C#,5.62,2013_11_06
C#,5.85,2014_00_01
C#,6.45,2014_01_08
C#,5.57,2014_02_03
C#,4.82,2014_03_10
C#,3.75,2014_04_07
C#,3.94,2014_05_08
C#,4.05,2014_06_06
C#,3.41,2014_07_11
C#,4.35,2014_08_01
C#,4.75,2014_09_03
C#,4.98,2014_10_08
C#,4.33,2014_11_07
C#,5.05,2015_00_06
C#,5.74,2015_01_05
C#,4.92,2015_02_07
C#,4.95,2015_03_13
C#,5.26,2015_04_13
C#,5.06,2015_05_06
C#,5.65,2015_06_12
C#,4.84,2015_07_06
C#,4.91,2015_08_05
C#,4.82,2015_09_04
C#,4.32,2015_10_07
C#,4.11,2015_11_04
C#,4.71,2016_00_02
C#,4.40,2016_01_02
C#,4.27,2016_02_03
C#,3.80,2016_03_07
C#,4.48,2016_04_06
C#,3.79,2016_05_05
C#,3.92,2016_06_04
C#,4.91,2016_07_06
C#,5.49,2016_08_08
C#,4.37,2016_09_07
C#,3.66,2016_10_05
C#,3.17,2016_11_04
C#,4.04,2017_00_07
C#,4.90,2017_01_08
C#,4.41,2017_02_07
C#,3.58,2017_03_09
C#,3.46,2017_04_06
C#,3.53,2017_05_03
C#,3.52,2017_06_07
C#,4.20,2017_07_02
C#,4.78,2017_08_06
C#,3.86,2017_09_05
C#,3.01,2017_10_12
C#,2.82,2017_11_09
C#,3.75,2018_00_03
C#,4.45,2018_01_08
C#,5.07,2018_02_07
C#,5.27,2018_03_01
C#,4.40,2018_04_06
C#,4.31,2018_05_10
C#,3.79,2018_06_07
C#,3.54,2018_07_01
C#,3.30,2018_08_03
C#,3.49,2018_09_05
C#,3.95,2018_10_08
C#,3.45,2018_11_02
C#,3.28,2019_00_04
C#,2.85,2019_01_06
C#,3.27,2019_02_02
C#,3.52,2019_03_07
C#,3.98,2019_04_04
C#,4.48,2019_05_09
C#,4.36,2019_06_06
C#,3.84,2019_07_05
C#,3.40,2019_08_09
C#,3.86,2019_09_05
C#,4.32,2019_10_03
C#,4.80,2019_11_06
C#,5.35,2020_00_05
C#,5.93,2020_01_04
C#,5.32,2020_02_04
C#,4.74,2020_03_02
C#,4.29,2020_04_02
C#,4.73,2020_05_01
C#,5.25,2020_06_04
C#,4.68,2020_07_02
C#,4.58,2020_08_06
C#,4.16,2020_09_04
Visual Basic,0.33,2010_08_11
Visual Basic,0.33,2010_09_02
Visual Basic,0.32,2010_10_03
Visual Basic,0.26,2010_11_07
Visual Basic,0.26,2011_00_02
Visual Basic,0.59,2011_01_08
Visual Basic,0.56,2011_02_08
Visual Basic,0.34,2011_03_03
Visual Basic,0.48,2011_04_02
Visual Basic,0.43,2011_05_05
Visual Basic,0.43,2011_05_27
Visual Basic,0.48,2011_06_08
Visual Basic,0.46,2011_07_03
Visual Basic,0.31,2011_08_10
Visual Basic,0.48,2011_09_09
Visual Basic,0.53,2011_10_07
Visual Basic,0.36,2011_11_04
Visual Basic,0.48,2012_00_08
Visual Basic,0.80,2012_01_05
Visual Basic,0.78,2012_02_11
Visual Basic,0.98,2012_03_08
Visual Basic,1.27,2012_04_09
Visual Basic,1.22,2012_05_10
Visual Basic,0.92,2012_06_04
Visual Basic,0.88,2012_07_10
Visual Basic,0.84,2012_08_02
Visual Basic,0.60,2012_09_05
Visual Basic,0.77,2012_10_04
Visual Basic,0.89,2012_11_02
Visual Basic,1.04,2013_00_05
Visual Basic,1.01,2013_01_08
Visual Basic,0.89,2013_02_11
Visual Basic,1.10,2013_03_07
Visual Basic,1.13,2013_04_08
Visual Basic,1.07,2013_05_09
Visual Basic,1.25,2013_06_07
Visual Basic,1.25,2013_06_12
Visual Basic,1.32,2013_07_04
Visual Basic,1.84,2013_08_11
Visual Basic,1.93,2013_09_10
Visual Basic,1.97,2013_10_09
Visual Basic,1.69,2013_11_06
Visual Basic,1.56,2014_00_01
Visual Basic,1.80,2014_01_08
Visual Basic,1.86,2014_02_03
Visual Basic,1.75,2014_03_10
Visual Basic,1.26,2014_04_07
Visual Basic,1.91,2014_05_08
Visual Basic,1.49,2014_06_06
Visual Basic,1.31,2014_07_11
Visual Basic,1.53,2014_08_01
Visual Basic,1.75,2014_09_03
Visual Basic,2.06,2014_10_08
Visual Basic,2.23,2014_11_07
Visual Basic,1.07,2015_00_06
Visual Basic,2.03,2015_01_05
Visual Basic,2.33,2015_02_07
Visual Basic,2.13,2015_03_13
Visual Basic,2.97,2015_04_13
Visual Basic,3.17,2015_05_06
Visual Basic,2.42,2015_06_12
Visual Basic,2.71,2015_07_06
Visual Basic,2.06,2015_08_05
Visual Basic,2.46,2015_09_04
Visual Basic,2.22,2015_10_07
Visual Basic,2.39,2015_11_04
Visual Basic,2.58,2016_00_02
Visual Basic,2.45,2016_01_02
Visual Basic,2.56,2016_02_03
Visual Basic,2.27,2016_03_07
Visual Basic,2.32,2016_04_06
Visual Basic,2.35,2016_05_05
Visual Basic,2.52,2016_06_04
Visual Basic,2.52,2016_07_06
Visual Basic,2.34,2016_08_08
Visual Basic,2.66,2016_09_07
Visual Basic,3.17,2016_10_05
Visual Basic,3.30,2016_11_04
Visual Basic,2.96,2017_00_07
Visual Basic,2.82,2017_01_08
Visual Basic,3.17,2017_02_07
Visual Basic,3.25,2017_03_09
Visual Basic,3.39,2017_04_06
Visual Basic,3.11,2017_05_03
Visual Basic,3.05,2017_06_07
Visual Basic,2.57,2017_07_02
Visual Basic,1.98,2017_08_06
Visual Basic,2.74,2017_09_05
Visual Basic,2.91,2017_10_12
Visual Basic,2.47,2017_11_09
Visual Basic,3.26,2018_00_03
Visual Basic,4.07,2018_01_08
Visual Basic,4.08,2018_02_07
Visual Basic,4.95,2018_03_01
Visual Basic,4.12,2018_04_06
Visual Basic,3.76,2018_05_10
Visual Basic,4.25,2018_06_07
Visual Basic,4.76,2018_07_01
Visual Basic,5.31,2018_08_03
Visual Basic,5.88,2018_09_05
Visual Basic,6.49,2018_10_08
Visual Basic,7.13,2018_11_02
Visual Basic,6.46,2019_00_04
Visual Basic,7.09,2019_01_06
Visual Basic,6.43,2019_02_02
Visual Basic,5.80,2019_03_07
Visual Basic,5.19,2019_04_04
Visual Basic,4.62,2019_05_09
Visual Basic,4.21,2019_06_06
Visual Basic,3.69,2019_07_05
Visual Basic,3.29,2019_08_09
Visual Basic,3.74,2019_09_05
Visual Basic,4.23,2019_10_03
Visual Basic,4.74,2019_11_06
Visual Basic,5.29,2020_00_05
Visual Basic,5.86,2020_01_04
Visual Basic,5.26,2020_02_04
Visual Basic,4.72,2020_03_02
Visual Basic,4.18,2020_04_02
Visual Basic,4.69,2020_05_01
Visual Basic,5.23,2020_06_04
Visual Basic,4.66,2020_07_02
Visual Basic,4.12,2020_08_06
Visual Basic,3.97,2020_09_04
JavaScript,1.55,2001_05_30
JavaScript,1.72,2001_06_30
JavaScript,1.66,2001_07_30
JavaScript,1.63,2001_08_28
JavaScript,1.51,2001_09_26
JavaScript,1.47,2001_10_28
JavaScript,1.46,2001_11_31
JavaScript,2.73,2002_00_30
JavaScript,1.48,2002_01_27
JavaScript,1.47,2002_02_29
JavaScript,1.37,2002_03_29
JavaScript,1.36,2002_04_29
JavaScript,1.43,2002_05_29
JavaScript,1.15,2002_06_31
JavaScript,2.02,2002_07_29
JavaScript,1.91,2002_08_29
JavaScript,1.98,2002_09_30
JavaScript,2.49,2002_10_29
JavaScript,2.42,2002_11_31
JavaScript,2.92,2003_00_31
JavaScript,2.81,2003_01_28
JavaScript,2.63,2003_02_31
JavaScript,3.26,2003_03_30
JavaScript,1.72,2003_04_30
JavaScript,1.69,2003_05_30
JavaScript,1.79,2003_06_31
JavaScript,1.90,2003_07_31
JavaScript,1.66,2003_08_30
JavaScript,1.92,2003_09_31
JavaScript,1.74,2003_10_30
JavaScript,1.74,2003_11_31
JavaScript,2.14,2004_00_31
JavaScript,2.06,2004_01_29
JavaScript,1.78,2004_02_31
JavaScript,1.78,2004_03_30
JavaScript,1.45,2004_04_30
JavaScript,1.61,2004_05_30
JavaScript,1.68,2004_06_31
JavaScript,1.51,2004_07_30
JavaScript,1.27,2004_08_30
JavaScript,1.20,2004_09_31
JavaScript,1.59,2004_10_30
JavaScript,1.70,2004_11_31
JavaScript,1.78,2005_00_31
JavaScript,1.65,2005_01_28
JavaScript,1.64,2005_02_31
JavaScript,1.44,2005_03_30
JavaScript,1.39,2005_04_31
JavaScript,1.78,2005_05_30
JavaScript,1.92,2005_06_31
JavaScript,1.77,2005_07_31
JavaScript,2.04,2005_08_30
JavaScript,1.84,2005_11_03
JavaScript,1.54,2006_00_04
JavaScript,1.51,2006_01_02
JavaScript,1.73,2006_02_01
JavaScript,1.57,2006_03_02
JavaScript,2.19,2006_04_01
JavaScript,1.46,2006_05_01
JavaScript,2.11,2006_06_02
JavaScript,2.02,2006_07_02
JavaScript,2.44,2006_08_02
JavaScript,2.20,2006_09_01
JavaScript,2.31,2006_10_02
JavaScript,2.56,2006_11_01
JavaScript,2.84,2007_00_02
JavaScript,2.98,2007_01_03
JavaScript,3.49,2007_02_03
JavaScript,3.14,2007_03_01
JavaScript,3.07,2007_04_05
JavaScript,2.62,2007_05_02
JavaScript,2.51,2007_06_02
JavaScript,2.58,2007_07_05
JavaScript,2.72,2007_08_02
JavaScript,2.68,2007_09_04
JavaScript,2.93,2007_10_04
JavaScript,2.73,2007_11_03
JavaScript,3.20,2008_00_03
JavaScript,2.33,2008_01_07
JavaScript,2.93,2008_05_01
JavaScript,2.76,2008_06_02
JavaScript,2.89,2008_07_03
JavaScript,3.13,2008_08_03
JavaScript,2.67,2008_09_06
JavaScript,2.93,2008_10_02
JavaScript,2.97,2008_11_03
JavaScript,3.36,2009_00_02
JavaScript,3.54,2009_01_01
JavaScript,3.61,2009_02_05
JavaScript,3.68,2009_03_07
JavaScript,3.55,2009_04_01
JavaScript,4.02,2009_05_04
JavaScript,3.51,2009_06_02
JavaScript,2.81,2009_07_01
JavaScript,3.00,2009_08_05
JavaScript,3.03,2009_09_02
JavaScript,2.92,2009_10_02
JavaScript,3.51,2009_11_02
JavaScript,2.71,2010_00_05
JavaScript,2.64,2010_01_07
JavaScript,2.65,2010_02_07
JavaScript,2.47,2010_03_05
JavaScript,2.08,2010_04_15
JavaScript,2.43,2010_06_06
JavaScript,2.40,2010_06_30
JavaScript,1.66,2010_08_11
JavaScript,1.66,2010_09_02
JavaScript,1.66,2010_10_03
JavaScript,1.51,2010_11_07
JavaScript,1.59,2011_00_02
JavaScript,2.56,2011_01_08
JavaScript,1.87,2011_02_08
JavaScript,1.51,2011_03_03
JavaScript,1.39,2011_04_02
JavaScript,1.50,2011_05_05
JavaScript,1.50,2011_05_27
JavaScript,2.24,2011_06_08
JavaScript,1.56,2011_07_03
JavaScript,1.47,2011_08_10
JavaScript,2.19,2011_09_09
JavaScript,2.56,2011_10_07
JavaScript,2.20,2011_11_04
JavaScript,2.32,2012_00_08
JavaScript,2.46,2012_01_05
JavaScript,3.39,2012_02_11
JavaScript,2.88,2012_03_08
JavaScript,2.13,2012_04_09
JavaScript,1.47,2012_05_10
JavaScript,1.45,2012_06_04
JavaScript,1.37,2012_07_10
JavaScript,1.33,2012_08_02
JavaScript,1.26,2012_09_05
JavaScript,1.28,2012_10_04
JavaScript,1.32,2012_11_02
JavaScript,1.98,2013_00_05
JavaScript,1.42,2013_01_08
JavaScript,1.37,2013_02_11
JavaScript,1.51,2013_03_07
JavaScript,1.54,2013_04_08
JavaScript,1.65,2013_05_09
JavaScript,1.84,2013_06_07
JavaScript,1.84,2013_06_12
JavaScript,2.09,2013_07_04
JavaScript,2.01,2013_08_11
JavaScript,2.04,2013_09_10
JavaScript,2.05,2013_10_09
JavaScript,1.85,2013_11_06
JavaScript,1.58,2014_00_01
JavaScript,1.93,2014_01_08
JavaScript,1.90,2014_02_03
JavaScript,1.75,2014_03_10
JavaScript,1.79,2014_04_07
JavaScript,2.00,2014_05_08
JavaScript,1.81,2014_06_06
JavaScript,2.17,2014_07_11
JavaScript,2.45,2014_08_01
JavaScript,1.77,2014_09_03
JavaScript,2.09,2014_10_08
JavaScript,2.43,2014_11_07
JavaScript,3.27,2015_00_06
JavaScript,3.51,2015_01_05
JavaScript,3.63,2015_02_07
JavaScript,3.30,2015_03_13
JavaScript,3.13,2015_04_13
JavaScript,2.30,2015_05_06
JavaScript,2.19,2015_06_12
JavaScript,2.16,2015_07_06
JavaScript,2.34,2015_08_05
JavaScript,2.29,2015_09_04
JavaScript,2.47,2015_10_07
JavaScript,2.36,2015_11_04
JavaScript,2.57,2016_00_02
JavaScript,2.20,2016_01_02
JavaScript,2.33,2016_02_03
JavaScript,2.57,2016_03_07
JavaScript,2.34,2016_04_06
JavaScript,2.58,2016_05_05
JavaScript,2.64,2016_06_04
JavaScript,2.71,2016_07_06
JavaScript,2.93,2016_08_08
JavaScript,2.75,2016_09_07
JavaScript,2.71,2016_10_05
JavaScript,2.86,2016_11_04
JavaScript,2.85,2017_00_07
JavaScript,2.87,2017_01_08
JavaScript,2.67,2017_02_07
JavaScript,2.85,2017_03_09
JavaScript,3.07,2017_04_06
JavaScript,3.02,2017_05_03
JavaScript,2.61,2017_06_07
JavaScript,2.10,2017_07_02
JavaScript,2.02,2017_08_06
JavaScript,3.01,2017_09_05
JavaScript,2.97,2017_10_12
JavaScript,2.47,2017_11_09
JavaScript,3.47,2018_00_03
JavaScript,3.16,2018_01_08
JavaScript,3.92,2018_02_07
JavaScript,3.49,2018_03_01
JavaScript,2.92,2018_04_06
JavaScript,2.50,2018_05_10
JavaScript,2.83,2018_06_07
JavaScript,2.41,2018_07_01
JavaScript,2.13,2018_08_03
JavaScript,2.28,2018_09_05
JavaScript,2.66,2018_10_08
JavaScript,3.06,2018_11_02
JavaScript,3.30,2019_00_04
JavaScript,2.85,2019_01_06
JavaScript,2.43,2019_02_02
JavaScript,2.51,2019_03_07
JavaScript,2.69,2019_04_04
JavaScript,2.72,2019_05_09
JavaScript,2.30,2019_06_06
JavaScript,2.26,2019_07_05
JavaScript,2.13,2019_08_09
JavaScript,2.08,2019_09_05
JavaScript,1.93,2019_10_03
JavaScript,2.09,2019_11_06
JavaScript,2.45,2020_00_05
JavaScript,2.06,2020_01_04
JavaScript,2.05,2020_02_04
JavaScript,2.38,2020_03_02
JavaScript,2.68,2020_04_02
JavaScript,2.27,2020_05_01
JavaScript,2.48,2020_06_04
JavaScript,2.87,2020_07_02
JavaScript,2.54,2020_08_06
JavaScript,2.14,2020_09_04
PHP,1.90,2001_05_30
PHP,1.38,2001_06_30
PHP,1.55,2001_07_30
PHP,1.55,2001_08_28
PHP,1.78,2001_09_26
PHP,4.87,2001_10_28
PHP,7.27,2001_11_31
PHP,8.27,2002_00_30
PHP,7.44,2002_01_27
PHP,7.03,2002_02_29
PHP,5.05,2002_03_29
PHP,5.22,2002_04_29
PHP,5.18,2002_05_29
PHP,6.50,2002_06_31
PHP,5.35,2002_07_29
PHP,4.96,2002_08_29
PHP,5.28,2002_09_30
PHP,7.30,2002_10_29
PHP,7.61,2002_11_31
PHP,4.49,2003_00_31
PHP,4.01,2003_01_28
PHP,4.61,2003_02_31
PHP,4.53,2003_03_30
PHP,4.78,2003_04_30
PHP,3.83,2003_05_30
PHP,4.68,2003_06_31
PHP,5.44,2003_07_31
PHP,5.80,2003_08_30
PHP,3.57,2003_09_31
PHP,5.74,2003_10_30
PHP,6.31,2003_11_31
PHP,7.26,2004_00_31
PHP,7.63,2004_01_29
PHP,9.76,2004_02_31
PHP,7.17,2004_03_30
PHP,8.71,2004_04_30
PHP,10.32,2004_05_30
PHP,10.43,2004_06_31
PHP,8.23,2004_07_30
PHP,7.42,2004_08_30
PHP,7.59,2004_09_31
PHP,11.45,2004_10_30
PHP,9.48,2004_11_31
PHP,10.28,2005_00_31
PHP,9.41,2005_01_28
PHP,8.72,2005_02_31
PHP,9.20,2005_03_30
PHP,7.97,2005_04_31
PHP,9.17,2005_05_30
PHP,7.87,2005_06_31
PHP,8.89,2005_07_31
PHP,9.67,2005_08_30
PHP,9.63,2005_11_03
PHP,9.40,2006_00_04
PHP,8.92,2006_01_02
PHP,9.95,2006_02_01
PHP,10.88,2006_03_02
PHP,10.22,2006_04_01
PHP,9.59,2006_05_01
PHP,10.35,2006_06_02
PHP,9.64,2006_07_02
PHP,9.13,2006_08_02
PHP,9.86,2006_09_01
PHP,9.21,2006_10_02
PHP,8.54,2006_11_01
PHP,7.94,2007_00_02
PHP,8.85,2007_01_03
PHP,9.46,2007_02_03
PHP,8.64,2007_03_01
PHP,8.74,2007_04_05
PHP,8.87,2007_05_02
PHP,8.65,2007_06_02
PHP,9.70,2007_07_05
PHP,10.20,2007_08_02
PHP,9.50,2007_09_04
PHP,8.69,2007_10_04
PHP,8.39,2007_11_03
PHP,9.20,2008_00_03
PHP,9.89,2008_01_07
PHP,10.21,2008_05_01
PHP,9.52,2008_06_02
PHP,9.35,2008_07_03
PHP,9.24,2008_08_03
PHP,8.61,2008_09_06
PHP,8.94,2008_10_02
PHP,9.13,2008_11_03
PHP,8.88,2009_00_02
PHP,8.78,2009_01_01
PHP,9.48,2009_02_05
PHP,9.89,2009_03_07
PHP,9.92,2009_04_01
PHP,9.67,2009_05_04
PHP,9.27,2009_06_02
PHP,9.39,2009_07_01
PHP,10.16,2009_08_05
PHP,10.36,2009_09_02
PHP,10.18,2009_10_02
PHP,9.77,2009_11_02
PHP,10.07,2010_00_05
PHP,10.00,2010_01_07
PHP,9.91,2010_02_07
PHP,9.66,2010_03_05
PHP,9.07,2010_04_15
PHP,8.57,2010_06_06
PHP,9.18,2010_06_30
PHP,8.37,2010_08_11
PHP,8.32,2010_09_02
PHP,7.81,2010_10_03
PHP,7.51,2010_11_07
PHP,7.83,2011_00_02
PHP,6.97,2011_01_08
PHP,6.57,2011_02_08
PHP,6.58,2011_03_03
PHP,6.51,2011_04_02
PHP,6.60,2011_05_05
PHP,6.60,2011_05_27
PHP,6.18,2011_06_08
PHP,6.13,2011_07_03
PHP,6.60,2011_08_10
PHP,6.82,2011_09_09
PHP,6.10,2011_10_07
PHP,6.00,2011_11_04
PHP,5.70,2012_00_08
PHP,5.64,2012_01_05
PHP,5.55,2012_02_11
PHP,5.29,2012_03_08
PHP,5.71,2012_04_09
PHP,5.29,2012_05_10
PHP,5.01,2012_06_04
PHP,5.52,2012_07_10
PHP,5.61,2012_08_02
PHP,5.67,2012_09_05
PHP,5.73,2012_10_04
PHP,5.54,2012_11_02
PHP,5.55,2013_00_05
PHP,5.07,2013_01_08
PHP,4.81,2013_02_11
PHP,5.43,2013_03_07
PHP,5.78,2013_04_08
PHP,5.99,2013_05_09
PHP,7.19,2013_06_07
PHP,7.19,2013_06_12
PHP,6.69,2013_07_04
PHP,6.43,2013_08_11
PHP,6.09,2013_09_10
PHP,5.38,2013_10_09
PHP,5.28,2013_11_06
PHP,4.61,2014_00_01
PHP,4.22,2014_01_08
PHP,3.70,2014_02_03
PHP,2.77,2014_03_10
PHP,3.39,2014_04_07
PHP,2.85,2014_05_08
PHP,2.92,2014_06_06
PHP,2.86,2014_07_11
PHP,3.12,2014_08_01
PHP,2.94,2014_09_03
PHP,3.04,2014_10_08
PHP,2.75,2014_11_07
PHP,3.78,2015_00_06
PHP,3.17,2015_01_05
PHP,4.00,2015_02_07
PHP,3.01,2015_03_13
PHP,2.72,2015_04_13
PHP,2.87,2015_05_06
PHP,2.89,2015_06_12
PHP,2.73,2015_07_06
PHP,2.53,2015_08_05
PHP,2.56,2015_09_04
PHP,3.25,2015_10_07
PHP,2.79,2015_11_04
PHP,2.71,2016_00_02
PHP,2.77,2016_01_02
PHP,2.77,2016_02_03
PHP,2.99,2016_03_07
PHP,2.99,2016_04_06
PHP,3.23,2016_05_05
PHP,3.27,2016_06_04
PHP,3.17,2016_07_06
PHP,2.85,2016_08_08
PHP,2.74,2016_09_07
PHP,3.13,2016_10_05
PHP,2.92,2016_11_04
PHP,2.56,2017_00_07
PHP,3.07,2017_01_08
PHP,3.01,2017_02_07
PHP,3.38,2017_03_09
PHP,2.69,2017_04_06
PHP,2.77,2017_05_03
PHP,3.09,2017_06_07
PHP,2.29,2017_07_02
PHP,2.21,2017_08_06
PHP,2.79,2017_09_05
PHP,1.90,2017_10_12
PHP,1.59,2017_11_09
PHP,2.53,2018_00_03
PHP,3.42,2018_01_08
PHP,4.01,2018_02_07
PHP,4.22,2018_03_01
PHP,3.32,2018_04_06
PHP,2.88,2018_05_10
PHP,2.83,2018_06_07
PHP,2.93,2018_07_01
PHP,2.78,2018_08_03
PHP,2.79,2018_09_05
PHP,2.38,2018_10_08
PHP,2.44,2018_11_02
PHP,2.68,2019_00_04
PHP,2.27,2019_01_06
PHP,2.42,2019_02_02
PHP,2.24,2019_03_07
PHP,2.49,2019_04_04
PHP,2.57,2019_05_09
PHP,2.17,2019_06_06
PHP,2.08,2019_07_05
PHP,1.86,2019_08_09
PHP,1.91,2019_09_05
PHP,1.72,2019_10_03
PHP,2.05,2019_11_06
PHP,2.41,2020_00_05
PHP,2.02,2020_01_04
PHP,2.02,2020_02_04
PHP,2.37,2020_03_02
PHP,2.49,2020_04_02
PHP,2.26,2020_05_01
PHP,1.90,2020_06_04
PHP,2.24,2020_07_02
PHP,2.49,2020_08_06
PHP,2.09,2020_09_04
R,0.06,2007_04_05
R,0.07,2007_05_02
R,0.07,2007_06_02
R,0.06,2007_07_05
R,0.07,2007_08_02
R,0.07,2007_09_04
R,0.09,2007_10_04
R,0.09,2007_11_03
R,0.04,2008_00_03
R,0.06,2008_01_07
R,0.09,2008_05_01
R,0.08,2008_06_02
R,0.06,2008_07_03
R,0.07,2008_08_03
R,0.07,2008_09_06
R,0.08,2008_10_02
R,0.07,2008_11_03
R,0.07,2009_00_02
R,0.08,2009_01_01
R,0.08,2009_02_05
R,0.09,2009_03_07
R,0.10,2009_04_01
R,0.10,2009_05_04
R,0.10,2009_06_02
R,0.11,2009_07_01
R,0.09,2009_08_05
R,0.10,2009_09_02
R,0.10,2009_10_02
R,0.11,2009_11_02
R,0.10,2010_00_05
R,0.14,2010_01_07
R,0.15,2010_02_07
R,0.14,2010_03_05
R,0.20,2010_04_15
R,0.17,2010_06_06
R,0.18,2010_06_30
R,0.33,2010_08_11
R,0.36,2010_09_02
R,0.36,2010_10_03
R,0.54,2010_11_07
R,0.54,2011_00_02
R,0.56,2011_01_08
R,0.49,2011_02_08
R,0.42,2011_03_03
R,0.43,2011_04_02
R,0.37,2011_05_05
R,0.37,2011_05_27
R,0.36,2011_06_08
R,0.40,2011_07_03
R,0.39,2011_08_10
R,0.42,2011_09_09
R,0.50,2011_10_07
R,0.52,2011_11_04
R,0.60,2012_00_08
R,0.62,2012_01_05
R,0.50,2012_02_11
R,0.38,2012_03_08
R,0.38,2012_04_09
R,0.44,2012_05_10
R,0.44,2012_06_04
R,0.43,2012_07_10
R,0.44,2012_08_02
R,0.42,2012_09_05
R,0.42,2012_10_04
R,0.45,2012_11_02
R,0.44,2013_00_05
R,0.46,2013_01_08
R,0.53,2013_02_11
R,0.48,2013_03_07
R,0.54,2013_04_08
R,0.48,2013_05_09
R,0.51,2013_06_07
R,0.51,2013_06_12
R,0.39,2013_07_04
R,0.65,2013_08_11
R,0.55,2013_09_10
R,0.41,2013_10_09
R,0.25,2013_11_06
R,0.25,2014_00_01
R,0.25,2014_01_08
R,0.23,2014_02_03
R,0.26,2014_03_10
R,0.38,2014_04_07
R,0.67,2014_05_08
R,0.41,2014_06_06
R,0.52,2014_07_11
R,0.80,2014_08_01
R,1.52,2014_09_03
R,1.55,2014_10_08
R,1.63,2014_11_07
R,1.04,2015_00_06
R,0.96,2015_01_05
R,0.95,2015_02_07
R,1.03,2015_03_13
R,1.44,2015_04_13
R,1.52,2015_05_06
R,1.23,2015_06_12
R,1.01,2015_07_06
R,1.04,2015_08_05
R,0.99,2015_09_04
R,1.01,2015_10_07
R,1.12,2015_11_04
R,1.05,2016_00_02
R,1.19,2016_01_02
R,1.29,2016_02_03
R,1.27,2016_03_07
R,1.33,2016_04_06
R,1.54,2016_05_05
R,1.51,2016_06_04
R,1.61,2016_07_06
R,1.68,2016_08_08
R,1.74,2016_09_07
R,1.72,2016_10_05
R,1.83,2016_11_04
R,1.79,2017_00_07
R,1.92,2017_01_08
R,2.02,2017_02_07
R,2.14,2017_03_09
R,2.19,2017_04_06
R,2.15,2017_05_03
R,2.11,2017_06_07
R,1.77,2017_07_02
R,1.82,2017_08_06
R,1.68,2017_09_05
R,1.60,2017_10_12
R,1.91,2017_11_09
R,2.55,2018_00_03
R,2.09,2018_01_08
R,1.13,2018_02_07
R,1.81,2018_03_01
R,1.18,2018_04_06
R,1.45,2018_05_10
R,1.15,2018_06_07
R,0.96,2018_07_01
R,1.02,2018_08_03
R,1.21,2018_09_05
R,1.41,2018_10_08
R,1.11,2018_11_02
R,1.33,2019_00_04
R,1.04,2019_01_06
R,1.28,2019_02_02
R,1.18,2019_03_07
R,0.95,2019_04_04
R,0.91,2019_05_09
R,0.84,2019_06_06
R,0.82,2019_07_05
R,1.05,2019_08_09
R,1.26,2019_09_05
R,0.98,2019_10_03
R,0.99,2019_11_06
R,0.81,2020_00_05
R,1.01,2020_01_04
R,1.26,2020_02_04
R,1.54,2020_03_02
R,1.85,2020_04_02
R,2.19,2020_05_01
R,2.41,2020_06_04
R,2.79,2020_07_02
R,2.37,2020_08_06
R,1.99,2020_09_04
SQL,2.96,2001_05_30
SQL,2.77,2001_06_30
SQL,2.38,2001_07_30
SQL,2.36,2001_08_28
SQL,2.24,2001_09_26
SQL,1.84,2001_10_28
SQL,1.87,2001_11_31
SQL,1.94,2002_00_30
SQL,2.09,2002_01_27
SQL,2.06,2002_02_29
SQL,2.33,2002_03_29
SQL,2.36,2002_04_29
SQL,2.53,2002_05_29
SQL,2.66,2002_06_31
SQL,2.65,2002_07_29
SQL,2.54,2002_08_29
SQL,2.64,2002_09_30
SQL,2.38,2002_10_29
SQL,2.52,2002_11_31
SQL,2.56,2003_00_31
SQL,2.51,2003_01_28
SQL,2.56,2003_02_31
SQL,2.65,2003_03_30
SQL,3.12,2003_04_30
SQL,3.04,2003_05_30
SQL,2.99,2003_06_31
SQL,3.24,2003_07_31
SQL,3.72,2003_08_30
SQL,3.70,2003_09_31
SQL,2.93,2003_10_30
SQL,3.10,2003_11_31
SQL,3.51,2004_00_31
SQL,3.10,2004_01_29
SQL,2.97,2004_02_31
SQL,2.44,2004_03_30
SQL,2.36,2018_01_08
SQL,2.69,2018_02_07
SQL,2.65,2018_03_01
SQL,1.99,2018_04_06
SQL,2.34,2018_05_10
SQL,2.33,2018_06_07
SQL,2.32,2018_07_01
SQL,2.06,2018_08_03
SQL,2.04,2018_09_05
SQL,1.84,2018_10_08
SQL,2.18,2018_11_02
SQL,2.28,2019_00_04
SQL,1.90,2019_01_06
SQL,1.93,2019_02_02
SQL,2.27,2019_03_07
SQL,2.56,2019_04_04
SQL,2.22,2019_05_09
SQL,1.98,2019_06_06
SQL,1.63,2019_07_05
SQL,1.94,2019_08_09
SQL,1.93,2019_09_05
SQL,1.69,2019_10_03
SQL,1.84,2019_11_06
SQL,1.50,2020_00_05
SQL,1.53,2020_01_04
SQL,1.83,2020_02_04
SQL,2.17,2020_03_02
SQL,2.09,2020_04_02
SQL,1.73,2020_05_01
SQL,1.40,2020_06_04
SQL,1.46,2020_07_02
SQL,1.76,2020_08_06
SQL,1.57,2020_09_04
